0,1,123.160616032,1.0,0.00266808897871,1e-05,full_history,q_learning,identity
0,1,122.692143746,1.0,0.0580234360403,1e-05,full_history,q_learning,tanh
0,1,132.258748178,1.0,0.0377519863777,0.01,stateless,avg_tracking,tanh
0,1,132.347035654,1.0,0.00173994141898,0.7,stateless,avg_tracking,identity
0,1,133.678791963,0.0560371768455,0.0104569947931,0.0001,latest_outcome,avg_tracking,pt_value_func
0,1,137.07830992,1.0,0.0192683447999,0.0001,latest_outcome,avg_tracking,tanh
0,1,126.542270612,0.918818072436,0.00216881592143,1.0,latest_outcome,q_learning,pt_value_func
0,1,120.49919704,1.0,0.00328039168921,1.0,full_history,q_learning,pt_value_func
0,1,126.76586135,0.81697573067,0.00169915104864,1.0,latest_outcome,q_learning,identity
0,1,121.116365439,1.0,0.00324746712604,0.03,full_history,avg_tracking,pt_value_func
0,1,123.160512158,1.0,0.0026680929714,0.001,full_history,avg_tracking,identity
0,1,122.692052171,1.0,0.0580234843983,0.01,full_history,avg_tracking,tanh
0,1,126.089626013,0.812908562154,0.0376642322052,1.0,latest_outcome,q_learning,tanh
0,1,128.735863952,0.0621653992379,0.0136384104177,0.0001,stateless,avg_tracking,pt_value_func
0,1,137.043653341,1.0,0.000903446497019,0.01,latest_outcome,avg_tracking,identity
0,2,119.589907227,1.0,0.00227146913358,1.0,full_history,q_learning,identity
0,2,118.965264077,1.0,0.0499532280109,1.0,full_history,q_learning,tanh
0,2,138.543033578,0.0505120582935,0.0231527923969,0.001,stateless,avg_tracking,tanh
0,2,138.606109881,0.0536328496813,0.000519571563903,0.1,stateless,avg_tracking,identity
0,2,126.76665714,0.000738827265504,1.0,0.001,latest_outcome,avg_tracking,pt_value_func
0,2,138.629436235,1e-05,1e-05,0.0001,latest_outcome,avg_tracking,tanh
0,2,126.743299875,0.0013215453034,0.553122273282,1.0,latest_outcome,q_learning,pt_value_func
0,2,119.492346861,1.0,0.00317157457574,1.0,full_history,q_learning,pt_value_func
0,2,128.015137925,0.151261566413,0.00622128605373,1.0,latest_outcome,q_learning,identity
0,2,125.358519495,0.0255635747496,0.0239314820316,0.3,full_history,avg_tracking,pt_value_func
0,2,137.35622148,0.0518766229162,0.00475365486929,0.001,full_history,avg_tracking,identity
0,2,136.879499869,0.0474325152289,0.13328062332,0.001,full_history,avg_tracking,tanh
0,2,127.685727099,0.143370146028,0.139566713599,1.0,latest_outcome,q_learning,tanh
0,2,123.40823667,0.0242517083875,0.0258669621587,0.7,stateless,avg_tracking,pt_value_func
0,2,138.629439131,1e-05,1e-05,0.0001,latest_outcome,avg_tracking,identity
0,3,112.463410977,0.000452523450159,0.982916129182,1.0,full_history,q_learning,identity
0,3,114.40505427,0.0107789665652,1.0,1.0,full_history,q_learning,tanh
0,3,119.799009854,0.00787030067109,1.0,0.03,stateless,avg_tracking,tanh
0,3,112.700490695,0.000375856074182,1.0,0.03,stateless,avg_tracking,identity
0,3,138.62944951,1e-05,1e-05,0.0001,latest_outcome,avg_tracking,pt_value_func
0,3,126.115434753,0.00621143123333,1.0,0.0001,latest_outcome,avg_tracking,tanh
0,3,137.140764492,1.0,0.00059259526758,1.0,latest_outcome,q_learning,pt_value_func
0,3,132.682105484,1.0,0.00151611658101,1.0,full_history,q_learning,pt_value_func
0,3,123.287947546,0.000374260654826,0.798964750479,1.0,latest_outcome,q_learning,identity
0,3,138.629463831,1e-05,1e-05,0.0001,full_history,avg_tracking,pt_value_func
0,3,112.606697295,0.0004501564803,1.0,0.001,full_history,avg_tracking,identity
0,3,121.018830503,0.00880637180967,1.0,0.001,full_history,avg_tracking,tanh
0,3,125.261179532,0.00663570015885,1.0,1.0,latest_outcome,q_learning,tanh
0,3,138.629462678,1e-05,1e-05,0.0001,stateless,avg_tracking,pt_value_func
0,3,123.317052324,0.000297794740807,1.0,0.03,latest_outcome,avg_tracking,identity
0,4,82.771866394,0.0731266493161,0.0229625245187,0.67706470422,full_history,q_learning,identity
0,4,82.2098410743,0.076083477131,0.463778275355,0.67175220272,full_history,q_learning,tanh
0,4,84.3987906112,0.0466397249522,0.877790772528,0.7,stateless,avg_tracking,tanh
0,4,84.9659439972,0.0434513657966,0.0444586316704,0.03,stateless,avg_tracking,identity
0,4,81.632854526,0.154172411198,0.0162512507464,0.0001,latest_outcome,avg_tracking,pt_value_func
0,4,85.1790179021,0.0490277835962,0.898943687416,0.001,latest_outcome,avg_tracking,tanh
0,4,79.960873106,0.180898896741,0.0119143614048,0.818208906507,latest_outcome,q_learning,pt_value_func
0,4,78.4953430631,0.152034903563,0.0129175829568,0.828775099541,full_history,q_learning,pt_value_func
0,4,83.944519654,0.104795700593,0.0169035307622,0.790378280242,latest_outcome,q_learning,identity
0,4,79.8501746727,0.140972612749,0.0164378464923,0.01,full_history,avg_tracking,pt_value_func
0,4,83.7131432953,0.0470581047691,0.0398162496172,0.03,full_history,avg_tracking,identity
0,4,83.1683999641,0.0502831632587,0.787025697079,0.1,full_history,avg_tracking,tanh
0,4,83.3294924399,0.106907130298,0.351242057425,0.77641742325,latest_outcome,q_learning,tanh
0,4,79.6969975685,0.145274988466,0.0166305776712,0.7,stateless,avg_tracking,pt_value_func
0,4,85.8099454165,0.0453985956689,0.0457127884414,0.3,latest_outcome,avg_tracking,identity
0,5,128.453434658,0.000914844986427,1.0,1.0,full_history,q_learning,identity
0,5,121.058378114,0.0215801334831,1.0,1.0,full_history,q_learning,tanh
0,5,137.682538302,0.872658878771,0.0139400801986,0.001,stateless,avg_tracking,tanh
0,5,138.102814567,0.999999954617,0.000402465927226,0.3,stateless,avg_tracking,identity
0,5,109.989339924,0.00420541341368,0.139778274093,0.0001,latest_outcome,avg_tracking,pt_value_func
0,5,137.364302779,0.00270988557369,1.0,0.01,latest_outcome,avg_tracking,tanh
0,5,105.718538868,0.275899261345,0.00675603283668,1.0,latest_outcome,q_learning,pt_value_func
0,5,102.344474924,0.00742074063083,0.0912784322529,1e-05,full_history,q_learning,pt_value_func
0,5,111.160853885,0.315214388209,0.00432336405017,1.0,latest_outcome,q_learning,identity
0,5,102.344473505,0.00740983263009,0.0913876475222,0.1,full_history,avg_tracking,pt_value_func
0,5,131.248703,0.000647923141935,1.0,0.1,full_history,avg_tracking,identity
0,5,134.978098403,0.00394760591797,1.0,0.0001,full_history,avg_tracking,tanh
0,5,110.225690008,0.270724999479,0.108052772389,1.0,latest_outcome,q_learning,tanh
0,5,103.022815366,0.00683759456841,0.103339869935,0.1,stateless,avg_tracking,pt_value_func
0,5,138.230510978,0.000171697497675,1.0,0.03,latest_outcome,avg_tracking,identity
0,6,133.762957724,1.0,0.00131596660859,0.754865530199,full_history,q_learning,identity
0,6,133.526044138,1.0,0.0302937309415,0.758394462557,full_history,q_learning,tanh
0,6,134.089207062,0.863847258569,0.0302777539965,0.7,stateless,avg_tracking,tanh
0,6,134.217293592,0.890797165234,0.00130975138119,0.03,stateless,avg_tracking,identity
0,6,137.953308111,0.502179437358,0.00107601425428,0.7,latest_outcome,avg_tracking,pt_value_func
0,6,135.450147816,0.00277903589006,1.0,0.1,latest_outcome,avg_tracking,tanh
0,6,136.532304296,1.0,0.00077648063256,0.941963143432,latest_outcome,q_learning,pt_value_func
0,6,134.742295247,1.0,0.00154308392566,0.803140740995,full_history,q_learning,pt_value_func
0,6,135.489068641,0.000153587346839,0.700163642242,9.89762183796e-05,latest_outcome,q_learning,identity
0,6,135.83627615,1.0,0.00116859299428,0.7,full_history,avg_tracking,pt_value_func
0,6,134.949696414,0.769159130203,0.00139799321571,0.1,full_history,avg_tracking,identity
0,6,134.807673266,0.892333970661,0.0273537277723,0.001,full_history,avg_tracking,tanh
0,6,135.018700118,1.0,0.0185672572647,0.857636641432,latest_outcome,q_learning,tanh
0,6,134.940076712,1.0,0.00132550887502,0.001,stateless,avg_tracking,pt_value_func
0,6,135.489068466,0.00015359540174,0.700162648144,0.03,latest_outcome,avg_tracking,identity
0,7,86.0364248709,0.0148778115875,0.110289223059,0.0712558528083,full_history,q_learning,identity
0,7,85.4592434588,0.0345131458875,1.0,0.662045275359,full_history,q_learning,tanh
0,7,97.500692857,0.020718348684,1.0,0.7,stateless,avg_tracking,tanh
0,7,84.6631453157,0.0107179923832,0.138006198113,0.01,stateless,avg_tracking,identity
0,7,94.7136775885,0.0368182783636,0.037209172417,0.3,latest_outcome,avg_tracking,pt_value_func
0,7,101.821132738,0.0218227870503,1.0,0.001,latest_outcome,avg_tracking,tanh
0,7,90.9495921063,0.137609988572,0.0122300169267,0.940180264813,latest_outcome,q_learning,pt_value_func
0,7,85.2485903233,0.128891242886,0.0150223538698,0.923926475187,full_history,q_learning,pt_value_func
0,7,90.8007806763,0.0113970839464,0.136127798548,1e-05,latest_outcome,q_learning,identity
0,7,88.9603199792,0.0659823622168,0.027914708894,0.01,full_history,avg_tracking,pt_value_func
0,7,86.0367898546,0.0140545817924,0.11679306135,0.3,full_history,avg_tracking,identity
0,7,93.6989701725,0.0271296620553,1.0,0.001,full_history,avg_tracking,tanh
0,7,90.5141973827,0.032340121376,1.0,0.668167912464,latest_outcome,q_learning,tanh
0,7,88.0636651534,0.0332141071335,0.0407537180338,0.3,stateless,avg_tracking,pt_value_func
0,7,90.8007800415,0.0113969665375,0.136129222602,0.001,latest_outcome,avg_tracking,identity
0,8,130.837843294,1.0,0.0015440700266,1.0,full_history,q_learning,identity
0,8,130.077433597,1.0,0.0356378367597,1.0,full_history,q_learning,tanh
0,8,138.629436504,1e-05,1e-05,0.0001,stateless,avg_tracking,tanh
0,8,138.629446117,1e-05,1e-05,0.0001,stateless,avg_tracking,identity
0,8,116.893781315,0.0220243736899,0.0624809673521,0.01,latest_outcome,avg_tracking,pt_value_func
0,8,138.629436452,1e-05,1e-05,0.0001,latest_outcome,avg_tracking,tanh
0,8,114.43636041,0.0825721714369,0.0145625264038,1.0,latest_outcome,q_learning,pt_value_func
0,8,116.623068937,0.0418415967741,0.026007093756,1.0,full_history,q_learning,pt_value_func
0,8,134.157347055,0.999999926847,0.00042166173633,1.0,latest_outcome,q_learning,identity
0,8,117.806912967,0.0093569199753,0.11228235111,0.0001,full_history,avg_tracking,pt_value_func
0,8,138.629446117,1e-05,1e-05,0.0001,full_history,avg_tracking,identity
0,8,138.629436504,1e-05,1e-05,0.0001,full_history,avg_tracking,tanh
0,8,126.516026043,0.218960160493,0.105666572466,1.0,latest_outcome,q_learning,tanh
0,8,117.806912967,0.0093569199753,0.11228235111,0.0001,stateless,avg_tracking,pt_value_func
0,8,138.629444724,1e-05,1e-05,0.0001,latest_outcome,avg_tracking,identity
0,9,57.3675138315,0.00495725624255,0.510762682004,1e-05,full_history,q_learning,identity
0,9,57.3978779621,0.0519527853064,1.0,0.915194227249,full_history,q_learning,tanh
0,9,109.298130942,0.0109147459065,1.0,0.03,stateless,avg_tracking,tanh
0,9,57.3675124442,0.00495712493453,0.510799969364,0.1,stateless,avg_tracking,identity
0,9,58.0436891059,0.0189298160174,0.220837281405,0.001,latest_outcome,avg_tracking,pt_value_func
0,9,111.202848557,0.0111086139672,1.0,0.7,latest_outcome,avg_tracking,tanh
0,9,56.6896391148,0.306238336909,0.0138929419326,0.956968368605,latest_outcome,q_learning,pt_value_func
0,9,55.054414675,0.0351394706482,0.114879883257,0.52674003072,full_history,q_learning,pt_value_func
0,9,58.3986937467,0.154941098042,0.0178388047804,0.94972354708,latest_outcome,q_learning,identity
0,9,55.0802595607,0.0180091067612,0.222973204822,0.3,full_history,avg_tracking,pt_value_func
0,9,57.3675124442,0.00495712493453,0.510799969364,0.1,full_history,avg_tracking,identity
0,9,109.298130942,0.0109147459065,1.0,0.03,full_history,avg_tracking,tanh
0,9,57.0937092601,0.161888688496,0.371421730459,0.941457593299,latest_outcome,q_learning,tanh
0,9,55.0802595607,0.0180091067612,0.222973204822,0.3,stateless,avg_tracking,pt_value_func
0,9,60.3245166536,0.00493274728892,0.532212378231,0.3,latest_outcome,avg_tracking,identity
0,10,128.226796969,9.66660832989e-05,1.0,1.00220812532e-05,full_history,q_learning,identity
0,10,128.380796948,0.00232903674203,1.0,1.0,full_history,q_learning,tanh
0,10,128.371036182,0.00222242254677,1.0,0.001,stateless,avg_tracking,tanh
0,10,128.172119481,0.00012516781714,0.699788545235,0.001,stateless,avg_tracking,identity
0,10,138.629437493,1e-05,1e-05,0.0001,latest_outcome,avg_tracking,pt_value_func
0,10,129.781048091,0.0171643839923,0.308654819595,0.3,latest_outcome,avg_tracking,tanh
0,10,132.700282031,1.0,0.00069562255725,1.0,latest_outcome,q_learning,pt_value_func
0,10,138.629441139,1e-05,1e-05,0.719294345318,full_history,q_learning,pt_value_func
0,10,123.245131414,0.143769329488,0.00359479824997,1.0,latest_outcome,q_learning,identity
0,10,138.62944114,1e-05,1e-05,0.0001,full_history,avg_tracking,pt_value_func
0,10,128.228822389,0.000137903193189,0.699998710293,0.001,full_history,avg_tracking,identity
0,10,128.424804599,0.00245669432003,1.0,0.03,full_history,avg_tracking,tanh
0,10,123.381071627,0.145119118497,0.0812679556201,1.0,latest_outcome,q_learning,tanh
0,10,138.629440082,1e-05,1e-05,0.0001,stateless,avg_tracking,pt_value_func
0,10,129.909140436,0.0175067181358,0.0129135701645,0.001,latest_outcome,avg_tracking,identity
0,11,15.7885465251,0.650276831556,0.0183540818084,0.628095203929,full_history,q_learning,identity
0,11,15.7250608932,0.653881564133,0.381162513582,0.617531915504,full_history,q_learning,tanh
0,11,15.7232760427,0.507843923255,0.521447863427,0.0001,stateless,avg_tracking,tanh
0,11,15.8016676295,0.502650015052,0.0252394429271,0.0001,stateless,avg_tracking,identity
0,11,18.4857911221,0.516847881588,0.0231090413827,0.7,latest_outcome,avg_tracking,pt_value_func
0,11,17.3265078841,0.530900468429,0.509424414972,0.03,latest_outcome,avg_tracking,tanh
0,11,17.1467095892,0.711562112782,0.0147315057493,0.835059481367,latest_outcome,q_learning,pt_value_func
0,11,16.5816007103,0.630308316254,0.0174184822371,0.736756569875,full_history,q_learning,pt_value_func
0,11,16.2936462962,0.713958281889,0.0162210292498,0.729549290187,latest_outcome,q_learning,identity
0,11,17.4169481649,0.493515952034,0.0238469629427,0.03,full_history,avg_tracking,pt_value_func
0,11,16.490226796,0.501893096946,0.0252454803199,0.3,full_history,avg_tracking,identity
0,11,16.4118981895,0.507080902739,0.521559479638,0.7,full_history,avg_tracking,tanh
0,11,16.2247316916,0.716649839029,0.338181220027,0.718268165005,latest_outcome,q_learning,tanh
0,11,16.7289531084,0.494388311932,0.0238361517856,0.3,stateless,avg_tracking,pt_value_func
0,11,17.4196594654,0.525759192161,0.0246311298067,0.001,latest_outcome,avg_tracking,identity
0,12,122.595653655,0.135927585962,0.0116240856045,1.0,full_history,q_learning,identity
0,12,119.979333178,0.126361225264,0.265150355042,1.0,full_history,q_learning,tanh
0,12,138.593258301,1.0,0.00256040841205,0.3,stateless,avg_tracking,tanh
0,12,138.627326119,1.0,2.88049233298e-05,0.03,stateless,avg_tracking,identity
0,12,99.0142641785,0.00695164726145,0.188830085092,0.1,latest_outcome,avg_tracking,pt_value_func
0,12,138.589582328,1.0,0.0027069101188,0.01,latest_outcome,avg_tracking,tanh
0,12,97.9485569625,0.0635194854921,0.021921537584,1.0,latest_outcome,q_learning,pt_value_func
0,12,95.5431364872,0.00354675457252,0.261112752141,0.000351564254176,full_history,q_learning,pt_value_func
0,12,108.075618944,0.181683642242,0.00819838570092,1.0,latest_outcome,q_learning,identity
0,12,95.5427479585,0.00332688568622,0.27647922023,0.0001,full_history,avg_tracking,pt_value_func
0,12,138.627326119,1.0,2.88049233298e-05,0.03,full_history,avg_tracking,identity
0,12,138.593258301,1.0,0.00256040841205,0.3,full_history,avg_tracking,tanh
0,12,106.726935015,0.169119862992,0.181658722509,1.0,latest_outcome,q_learning,tanh
0,12,95.5427479585,0.00332688568622,0.27647922023,0.0001,stateless,avg_tracking,pt_value_func
0,12,138.627160479,1.0,3.01397607285e-05,0.03,latest_outcome,avg_tracking,identity
1,1,113.394413072,1.0,0.00374681426537,1e-05,full_history,q_learning,identity
1,1,123.560386653,1.0,0.152843099447,1e-05,full_history,q_learning,tanh
1,1,123.560332706,1.0,0.1528434557,0.001,stateless,avg_tracking,tanh
1,1,113.394387632,1.0,0.00374681351498,0.1,stateless,avg_tracking,identity
1,1,114.329231123,1.0,0.00963215122721,0.1,latest_outcome,avg_tracking,pt_value_func
1,1,123.560332706,1.0,0.1528434557,0.001,latest_outcome,avg_tracking,tanh
1,1,114.329262275,1.0,0.00963215053671,1e-05,latest_outcome,q_learning,pt_value_func
1,1,114.329262275,1.0,0.00963215053671,1e-05,full_history,q_learning,pt_value_func
1,1,113.394413072,1.0,0.00374681426537,1e-05,latest_outcome,q_learning,identity
1,1,114.329231123,1.0,0.00963215122721,0.1,full_history,avg_tracking,pt_value_func
1,1,113.394387632,1.0,0.00374681351498,0.1,full_history,avg_tracking,identity
1,1,123.560332706,1.0,0.1528434557,0.001,full_history,avg_tracking,tanh
1,1,123.560386653,1.0,0.152843099447,1e-05,latest_outcome,q_learning,tanh
1,1,114.329231123,1.0,0.00963215122721,0.1,stateless,avg_tracking,pt_value_func
1,1,113.394387632,1.0,0.00374681351498,0.1,latest_outcome,avg_tracking,identity
1,2,132.73161601,0.174847146466,0.000364121627417,1.0,full_history,q_learning,identity
1,2,132.669407336,0.190727983071,0.0106878775181,1.0,full_history,q_learning,tanh
1,2,138.089907221,0.0441626847773,0.0574575220914,0.1,stateless,avg_tracking,tanh
1,2,137.811754658,0.0328602023127,0.00185158694867,0.1,stateless,avg_tracking,identity
1,2,137.826244492,0.0349672203572,0.00455617097038,0.0001,latest_outcome,avg_tracking,pt_value_func
1,2,138.089907221,0.0441626847773,0.0574575220914,0.1,latest_outcome,avg_tracking,tanh
1,2,132.712452113,0.173994131438,0.000866242340311,0.999953549249,latest_outcome,q_learning,pt_value_func
1,2,132.712452113,0.173994131438,0.000866242340311,0.999953549249,full_history,q_learning,pt_value_func
1,2,132.73161601,0.174847146466,0.000364121627417,1.0,latest_outcome,q_learning,identity
1,2,137.826244492,0.0349672203572,0.00455617097038,0.0001,full_history,avg_tracking,pt_value_func
1,2,137.811754658,0.0328602023127,0.00185158694867,0.1,full_history,avg_tracking,identity
1,2,138.089907221,0.0441626847773,0.0574575220914,0.1,full_history,avg_tracking,tanh
1,2,132.669407336,0.190727983071,0.0106878775181,1.0,latest_outcome,q_learning,tanh
1,2,137.826244492,0.0349672203572,0.00455617097038,0.0001,stateless,avg_tracking,pt_value_func
1,2,137.811754658,0.0328602023127,0.00185158694867,0.1,latest_outcome,avg_tracking,identity
1,3,104.248832117,0.999603799083,0.00300497585875,0.483333322392,full_history,q_learning,identity
1,3,112.448833566,0.693012966099,0.00606502299489,0.999995684367,full_history,q_learning,tanh
1,3,116.176381348,1.0,0.100211944335,0.1,stateless,avg_tracking,tanh
1,3,106.895779316,0.55054590668,0.00443674411164,0.1,stateless,avg_tracking,identity
1,3,108.104684734,0.580573806226,0.0106504822081,0.3,latest_outcome,avg_tracking,pt_value_func
1,3,116.176381348,1.0,0.100211944335,0.1,latest_outcome,avg_tracking,tanh
1,3,105.427687901,1.0,0.00761664719276,0.468296642626,latest_outcome,q_learning,pt_value_func
1,3,105.427687901,1.0,0.00761664719276,0.468296642626,full_history,q_learning,pt_value_func
1,3,104.248832117,0.999603799083,0.00300497585875,0.483333322392,latest_outcome,q_learning,identity
1,3,108.104684734,0.580573806226,0.0106504822081,0.3,full_history,avg_tracking,pt_value_func
1,3,106.895779316,0.55054590668,0.00443674411164,0.1,full_history,avg_tracking,identity
1,3,116.176381348,1.0,0.100211944335,0.1,full_history,avg_tracking,tanh
1,3,112.448833566,0.693012966099,0.00606502299489,0.999995684367,latest_outcome,q_learning,tanh
1,3,108.104684734,0.580573806226,0.0106504822081,0.3,stateless,avg_tracking,pt_value_func
1,3,106.895779316,0.55054590668,0.00443674411164,0.1,latest_outcome,avg_tracking,identity
1,4,125.668501356,1.0,0.00217297140205,1e-05,full_history,q_learning,identity
1,4,127.479796249,1.0,0.114263675381,1e-05,full_history,q_learning,tanh
1,4,127.479748931,1.0,0.114263796815,0.1,stateless,avg_tracking,tanh
1,4,125.668459853,1.0,0.00217296481591,0.3,stateless,avg_tracking,identity
1,4,125.808014359,1.0,0.00569645106642,0.01,latest_outcome,avg_tracking,pt_value_func
1,4,127.479748931,1.0,0.114263796815,0.1,latest_outcome,avg_tracking,tanh
1,4,125.808058026,1.0,0.00569645089079,1e-05,latest_outcome,q_learning,pt_value_func
1,4,125.808058026,1.0,0.00569645089079,1e-05,full_history,q_learning,pt_value_func
1,4,125.668501356,1.0,0.00217297140205,1e-05,latest_outcome,q_learning,identity
1,4,125.808014359,1.0,0.00569645106642,0.01,full_history,avg_tracking,pt_value_func
1,4,125.668459853,1.0,0.00217296481591,0.3,full_history,avg_tracking,identity
1,4,127.479748931,1.0,0.114263796815,0.1,full_history,avg_tracking,tanh
1,4,127.479796249,1.0,0.114263675381,1e-05,latest_outcome,q_learning,tanh
1,4,125.808014359,1.0,0.00569645106642,0.01,stateless,avg_tracking,pt_value_func
1,4,125.668459853,1.0,0.00217296481591,0.3,latest_outcome,avg_tracking,identity
1,5,131.245556796,1.0,0.00166754183332,0.284018736881,full_history,q_learning,identity
1,5,132.640047048,0.205147719033,0.0139200970735,0.97558679647,full_history,q_learning,tanh
1,5,135.431818934,1.0,0.047898035026,0.0001,stateless,avg_tracking,tanh
1,5,131.50285852,1.0,0.00158933349741,0.01,stateless,avg_tracking,identity
1,5,131.891310807,1.0,0.00400704210062,0.1,latest_outcome,avg_tracking,pt_value_func
1,5,135.431818934,1.0,0.047898035026,0.0001,latest_outcome,avg_tracking,tanh
1,5,131.751721424,1.0,0.00414751874173,0.216399956357,latest_outcome,q_learning,pt_value_func
1,5,131.751721424,1.0,0.00414751874173,0.216399956357,full_history,q_learning,pt_value_func
1,5,131.245556796,1.0,0.00166754183332,0.284018736881,latest_outcome,q_learning,identity
1,5,131.891310807,1.0,0.00400704210062,0.1,full_history,avg_tracking,pt_value_func
1,5,131.50285852,1.0,0.00158933349741,0.01,full_history,avg_tracking,identity
1,5,135.431818934,1.0,0.047898035026,0.0001,full_history,avg_tracking,tanh
1,5,132.640047048,0.205147719033,0.0139200970735,0.97558679647,latest_outcome,q_learning,tanh
1,5,131.891310807,1.0,0.00400704210062,0.1,stateless,avg_tracking,pt_value_func
1,5,131.50285852,1.0,0.00158933349741,0.01,latest_outcome,avg_tracking,identity
1,6,79.6284043865,0.00411486928718,0.00694684297637,0.69993156816,full_history,q_learning,identity
1,6,73.8950223057,0.406436373588,0.0100070530214,0.987743143509,full_history,q_learning,tanh
1,6,80.0076559241,0.00130073481135,0.700145261586,0.01,stateless,avg_tracking,tanh
1,6,79.6403117319,0.000263414351064,0.0996219240114,0.0001,stateless,avg_tracking,identity
1,6,79.700154992,0.000640290966905,0.100313410641,0.1,latest_outcome,avg_tracking,pt_value_func
1,6,80.0076559241,0.00130073481135,0.700145261586,0.01,latest_outcome,avg_tracking,tanh
1,6,73.6148335042,0.371291432492,0.000795268134821,0.985750368137,latest_outcome,q_learning,pt_value_func
1,6,73.6148335042,0.371291432492,0.000795268134821,0.985750368137,full_history,q_learning,pt_value_func
1,6,79.6284043865,0.00411486928718,0.00694684297637,0.69993156816,latest_outcome,q_learning,identity
1,6,79.700154992,0.000640290966905,0.100313410641,0.1,full_history,avg_tracking,pt_value_func
1,6,79.6403117319,0.000263414351064,0.0996219240114,0.0001,full_history,avg_tracking,identity
1,6,80.0076559241,0.00130073481135,0.700145261586,0.01,full_history,avg_tracking,tanh
1,6,73.8950223057,0.406436373588,0.0100070530214,0.987743143509,latest_outcome,q_learning,tanh
1,6,79.700154992,0.000640290966905,0.100313410641,0.1,stateless,avg_tracking,pt_value_func
1,6,79.6403117319,0.000263414351064,0.0996219240114,0.0001,latest_outcome,avg_tracking,identity
1,7,110.714766939,0.447915782197,0.00133116127753,0.961990421093,full_history,q_learning,identity
1,7,81.0512518268,1.0,0.00524702083403,1.0,full_history,q_learning,tanh
1,7,113.413237894,0.00129118127235,1.0,0.03,stateless,avg_tracking,tanh
1,7,113.453643657,4.47404110579e-05,0.699992898973,0.3,stateless,avg_tracking,identity
1,7,113.389702847,0.000110840578343,0.699758823838,0.0001,latest_outcome,avg_tracking,pt_value_func
1,7,113.413237894,0.00129118127235,1.0,0.03,latest_outcome,avg_tracking,tanh
1,7,80.9796033947,1.0,0.000402532652381,1.0,latest_outcome,q_learning,pt_value_func
1,7,80.9796033947,1.0,0.000402532652381,1.0,full_history,q_learning,pt_value_func
1,7,110.714766939,0.447915782197,0.00133116127753,0.961990421093,latest_outcome,q_learning,identity
1,7,113.389702847,0.000110840578343,0.699758823838,0.0001,full_history,avg_tracking,pt_value_func
1,7,113.453643657,4.47404110579e-05,0.699992898973,0.3,full_history,avg_tracking,identity
1,7,113.413237894,0.00129118127235,1.0,0.03,full_history,avg_tracking,tanh
1,7,81.0512518268,1.0,0.00524702083403,1.0,latest_outcome,q_learning,tanh
1,7,113.389702847,0.000110840578343,0.699758823838,0.0001,stateless,avg_tracking,pt_value_func
1,7,113.453643657,4.47404110579e-05,0.699992898973,0.3,latest_outcome,avg_tracking,identity
1,8,123.097313566,0.018099250729,0.00344079249744,1e-05,full_history,q_learning,identity
1,8,122.75844125,0.0213853940239,0.0871725744144,1e-05,full_history,q_learning,tanh
1,8,122.758437696,0.0213851986615,0.0871730905354,0.0001,stateless,avg_tracking,tanh
1,8,123.097311027,0.0180996071579,0.00344092090939,0.0001,stateless,avg_tracking,identity
1,8,123.038079265,0.0186252416034,0.00786813042664,0.0001,latest_outcome,avg_tracking,pt_value_func
1,8,122.758437696,0.0213851986615,0.0871730905354,0.0001,latest_outcome,avg_tracking,tanh
1,8,123.038081968,0.0186255728384,0.00786817834611,1e-05,latest_outcome,q_learning,pt_value_func
1,8,123.038081968,0.0186255728384,0.00786817834611,1e-05,full_history,q_learning,pt_value_func
1,8,123.097313566,0.018099250729,0.00344079249744,1e-05,latest_outcome,q_learning,identity
1,8,123.038079265,0.0186252416034,0.00786813042664,0.0001,full_history,avg_tracking,pt_value_func
1,8,123.097311027,0.0180996071579,0.00344092090939,0.0001,full_history,avg_tracking,identity
1,8,122.758437696,0.0213851986615,0.0871730905354,0.0001,full_history,avg_tracking,tanh
1,8,122.75844125,0.0213853940239,0.0871725744144,1e-05,latest_outcome,q_learning,tanh
1,8,123.038079265,0.0186252416034,0.00786813042664,0.0001,stateless,avg_tracking,pt_value_func
1,8,123.097311027,0.0180996071579,0.00344092090939,0.0001,latest_outcome,avg_tracking,identity
1,9,5.55744042008,0.032956531267,0.00979026540438,1e-05,full_history,q_learning,identity
1,9,5.57458976278,0.031931314027,0.29486017527,1e-05,full_history,q_learning,tanh
1,9,5.57458930414,0.0318714178801,0.295274873816,0.001,stateless,avg_tracking,tanh
1,9,5.55744000824,0.0328469804048,0.00981696678536,0.3,stateless,avg_tracking,identity
1,9,5.56309041953,0.032542370203,0.023273636804,0.1,latest_outcome,avg_tracking,pt_value_func
1,9,5.57458930414,0.0318714178801,0.295274873816,0.001,latest_outcome,avg_tracking,tanh
1,9,5.56309076575,0.032518986733,0.0232856506415,1e-05,latest_outcome,q_learning,pt_value_func
1,9,5.56309076575,0.032518986733,0.0232856506415,1e-05,full_history,q_learning,pt_value_func
1,9,5.55744042008,0.032956531267,0.00979026540438,1e-05,latest_outcome,q_learning,identity
1,9,5.56309041953,0.032542370203,0.023273636804,0.1,full_history,avg_tracking,pt_value_func
1,9,5.55744000824,0.0328469804048,0.00981696678536,0.3,full_history,avg_tracking,identity
1,9,5.57458930414,0.0318714178801,0.295274873816,0.001,full_history,avg_tracking,tanh
1,9,5.57458976278,0.031931314027,0.29486017527,1e-05,latest_outcome,q_learning,tanh
1,9,5.56309041953,0.032542370203,0.023273636804,0.1,stateless,avg_tracking,pt_value_func
1,9,5.55744000824,0.0328469804048,0.00981696678536,0.3,latest_outcome,avg_tracking,identity
1,10,125.498314914,1.0,0.00243438069229,1e-05,full_history,q_learning,identity
1,10,130.575267061,1.0,0.104195334458,1e-05,full_history,q_learning,tanh
1,10,130.575216478,1.0,0.104195675061,0.01,stateless,avg_tracking,tanh
1,10,125.498275581,1.0,0.00243438485569,0.3,stateless,avg_tracking,identity
1,10,125.962167729,1.0,0.00628503777394,0.03,latest_outcome,avg_tracking,pt_value_func
1,10,130.575216478,1.0,0.104195675061,0.01,latest_outcome,avg_tracking,tanh
1,10,125.962209971,1.0,0.00628502976613,1e-05,latest_outcome,q_learning,pt_value_func
1,10,125.962209971,1.0,0.00628502976613,1e-05,full_history,q_learning,pt_value_func
1,10,125.498314914,1.0,0.00243438069229,1e-05,latest_outcome,q_learning,identity
1,10,125.962167729,1.0,0.00628503777394,0.03,full_history,avg_tracking,pt_value_func
1,10,125.498275581,1.0,0.00243438485569,0.3,full_history,avg_tracking,identity
1,10,130.575216478,1.0,0.104195675061,0.01,full_history,avg_tracking,tanh
1,10,130.575267061,1.0,0.104195334458,1e-05,latest_outcome,q_learning,tanh
1,10,125.962167729,1.0,0.00628503777394,0.03,stateless,avg_tracking,pt_value_func
1,10,125.498275581,1.0,0.00243438485569,0.3,latest_outcome,avg_tracking,identity
1,11,60.7491873576,1.0,0.000169769681863,0.994588184179,full_history,q_learning,identity
1,11,60.8857284377,1.0,0.00536767857147,0.993962794994,full_history,q_learning,tanh
1,11,133.507486376,0.0638607708994,0.0766265967632,0.3,stateless,avg_tracking,tanh
1,11,121.283518494,0.0721284681943,0.00582263434395,0.1,stateless,avg_tracking,identity
1,11,123.83903255,0.0751602073994,0.0127038526028,0.7,latest_outcome,avg_tracking,pt_value_func
1,11,133.507486376,0.0638607708994,0.0766265967632,0.3,latest_outcome,avg_tracking,tanh
1,11,60.7899420291,1.0,0.000404832591852,0.994465095976,latest_outcome,q_learning,pt_value_func
1,11,60.7899420291,1.0,0.000404832591852,0.994465095976,full_history,q_learning,pt_value_func
1,11,60.7491873576,1.0,0.000169769681863,0.994588184179,latest_outcome,q_learning,identity
1,11,123.83903255,0.0751602073994,0.0127038526028,0.7,full_history,avg_tracking,pt_value_func
1,11,121.283518494,0.0721284681943,0.00582263434395,0.1,full_history,avg_tracking,identity
1,11,133.507486376,0.0638607708994,0.0766265967632,0.3,full_history,avg_tracking,tanh
1,11,60.8857284377,1.0,0.00536767857147,0.993962794994,latest_outcome,q_learning,tanh
1,11,123.83903255,0.0751602073994,0.0127038526028,0.7,stateless,avg_tracking,pt_value_func
1,11,121.283518494,0.0721284681943,0.00582263434395,0.1,latest_outcome,avg_tracking,identity
1,12,127.269905117,1.0,0.00179110971039,0.536840433756,full_history,q_learning,identity
1,12,114.167688683,1.0,0.00403960408842,0.999713065843,full_history,q_learning,tanh
1,12,134.57287173,0.934822645995,0.0660146389039,0.3,stateless,avg_tracking,tanh
1,12,130.268746389,0.553914092463,0.00225911718791,0.03,stateless,avg_tracking,identity
1,12,130.695561517,0.574356481299,0.00566935669785,0.01,latest_outcome,avg_tracking,pt_value_func
1,12,134.57287173,0.934822645995,0.0660146389039,0.3,latest_outcome,avg_tracking,tanh
1,12,113.973312483,1.0,0.000320742384923,0.999347449982,latest_outcome,q_learning,pt_value_func
1,12,113.973312483,1.0,0.000320742384923,0.999347449982,full_history,q_learning,pt_value_func
1,12,127.269905117,1.0,0.00179110971039,0.536840433756,latest_outcome,q_learning,identity
1,12,130.695561517,0.574356481299,0.00566935669785,0.01,full_history,avg_tracking,pt_value_func
1,12,130.268746389,0.553914092463,0.00225911718791,0.03,full_history,avg_tracking,identity
1,12,134.57287173,0.934822645995,0.0660146389039,0.3,full_history,avg_tracking,tanh
1,12,114.167688683,1.0,0.00403960408842,0.999713065843,latest_outcome,q_learning,tanh
1,12,130.695561517,0.574356481299,0.00566935669785,0.01,stateless,avg_tracking,pt_value_func
1,12,130.268746389,0.553914092463,0.00225911718791,0.03,latest_outcome,avg_tracking,identity
2,1,80.679179096,0.022094998187,0.00399241468158,1e-05,full_history,q_learning,identity
2,1,80.8738925169,0.0219653699036,0.125083428671,1e-05,full_history,q_learning,tanh
2,1,80.8738876512,0.0219650345142,0.125084173999,0.1,stateless,avg_tracking,tanh
2,1,80.6791739692,0.0220973965276,0.00399269805547,0.3,stateless,avg_tracking,identity
2,1,80.7162220827,0.0220764007498,0.0095099323371,0.0001,latest_outcome,avg_tracking,pt_value_func
2,1,80.8738876512,0.0219650345142,0.125084173999,0.1,latest_outcome,avg_tracking,tanh
2,1,80.7162270456,0.0220755893735,0.00950977188624,1e-05,latest_outcome,q_learning,pt_value_func
2,1,80.7162270456,0.0220755893735,0.00950977188624,1e-05,full_history,q_learning,pt_value_func
2,1,80.679179096,0.022094998187,0.00399241468158,1e-05,latest_outcome,q_learning,identity
2,1,80.7162220827,0.0220764007498,0.0095099323371,0.0001,full_history,avg_tracking,pt_value_func
2,1,80.6791739692,0.0220973965276,0.00399269805547,0.3,full_history,avg_tracking,identity
2,1,80.8738876512,0.0219650345142,0.125084173999,0.1,full_history,avg_tracking,tanh
2,1,80.8738925169,0.0219653699036,0.125083428671,1e-05,latest_outcome,q_learning,tanh
2,1,80.7162220827,0.0220764007498,0.0095099323371,0.0001,stateless,avg_tracking,pt_value_func
2,1,80.6791739692,0.0220973965276,0.00399269805547,0.3,latest_outcome,avg_tracking,identity
2,2,79.1164036844,0.274536198367,0.000393295015532,0.980079981533,full_history,q_learning,identity
2,2,79.4184757101,0.275800966231,0.0114805128351,0.981875022641,full_history,q_learning,tanh
2,2,98.9747165714,0.0037091437819,0.263617579973,0.0001,stateless,avg_tracking,tanh
2,2,84.200627486,0.981271229641,0.0195092085768,0.3,stateless,avg_tracking,identity
2,2,87.4729127814,0.989343231772,0.0488080335289,0.03,latest_outcome,avg_tracking,pt_value_func
2,2,98.9747165714,0.0037091437819,0.263617579973,0.0001,latest_outcome,avg_tracking,tanh
2,2,79.1769198838,0.274789946662,0.000930253827958,0.980091132731,latest_outcome,q_learning,pt_value_func
2,2,79.1769198838,0.274789946662,0.000930253827958,0.980091132731,full_history,q_learning,pt_value_func
2,2,79.1164036844,0.274536198367,0.000393295015532,0.980079981533,latest_outcome,q_learning,identity
2,2,87.4729127814,0.989343231772,0.0488080335289,0.03,full_history,avg_tracking,pt_value_func
2,2,84.200627486,0.981271229641,0.0195092085768,0.3,full_history,avg_tracking,identity
2,2,98.9747165714,0.0037091437819,0.263617579973,0.0001,full_history,avg_tracking,tanh
2,2,79.4184757101,0.275800966231,0.0114805128351,0.981875022641,latest_outcome,q_learning,tanh
2,2,87.4729127814,0.989343231772,0.0488080335289,0.03,stateless,avg_tracking,pt_value_func
2,2,84.200627486,0.981271229641,0.0195092085768,0.3,latest_outcome,avg_tracking,identity
2,3,87.2894427969,0.131162143361,0.00132124217848,0.788179623648,full_history,q_learning,identity
2,3,80.5089653104,0.631472555145,0.00505480802379,0.999999775528,full_history,q_learning,tanh
2,3,93.6935292036,0.0289629300794,0.121771670831,0.3,stateless,avg_tracking,tanh
2,3,92.11136305,0.0333397520229,0.00417250416749,0.03,stateless,avg_tracking,identity
2,3,92.4359377782,0.0323953861609,0.00979293072592,0.01,latest_outcome,avg_tracking,pt_value_func
2,3,93.6935292036,0.0289629300794,0.121771670831,0.3,latest_outcome,avg_tracking,tanh
2,3,87.4595393164,0.130492553421,0.00301902500692,0.79468106085,latest_outcome,q_learning,pt_value_func
2,3,87.4595393164,0.130492553421,0.00301902500692,0.79468106085,full_history,q_learning,pt_value_func
2,3,87.2894427969,0.131162143361,0.00132124217848,0.788179623648,latest_outcome,q_learning,identity
2,3,92.4359377782,0.0323953861609,0.00979293072592,0.01,full_history,avg_tracking,pt_value_func
2,3,92.11136305,0.0333397520229,0.00417250416749,0.03,full_history,avg_tracking,identity
2,3,93.6935292036,0.0289629300794,0.121771670831,0.3,full_history,avg_tracking,tanh
2,3,80.5089653104,0.631472555145,0.00505480802379,0.999999775528,latest_outcome,q_learning,tanh
2,3,92.4359377782,0.0323953861609,0.00979293072592,0.01,stateless,avg_tracking,pt_value_func
2,3,92.11136305,0.0333397520229,0.00417250416749,0.03,latest_outcome,avg_tracking,identity
2,4,92.3843844093,0.730396476669,0.000202284777387,1.0,full_history,q_learning,identity
2,4,92.4888780502,0.736678392513,0.00597182533806,1.0,full_history,q_learning,tanh
2,4,114.626214039,0.00112814156164,1.0,0.03,stateless,avg_tracking,tanh
2,4,111.479935164,5.46779550413e-05,0.699788491283,0.0001,stateless,avg_tracking,identity
2,4,112.001857493,0.0001291153325,0.699998722186,0.0001,latest_outcome,avg_tracking,pt_value_func
2,4,114.626214039,0.00112814156164,1.0,0.03,latest_outcome,avg_tracking,tanh
2,4,92.4049640295,0.730979779583,0.000476775622787,1.0,latest_outcome,q_learning,pt_value_func
2,4,92.4049640295,0.730979779583,0.000476775622787,1.0,full_history,q_learning,pt_value_func
2,4,92.3843844093,0.730396476669,0.000202284777387,1.0,latest_outcome,q_learning,identity
2,4,112.001857493,0.0001291153325,0.699998722186,0.0001,full_history,avg_tracking,pt_value_func
2,4,111.479935164,5.46779550413e-05,0.699788491283,0.0001,full_history,avg_tracking,identity
2,4,114.626214039,0.00112814156164,1.0,0.03,full_history,avg_tracking,tanh
2,4,92.4888780502,0.736678392513,0.00597182533806,1.0,latest_outcome,q_learning,tanh
2,4,112.001857493,0.0001291153325,0.699998722186,0.0001,stateless,avg_tracking,pt_value_func
2,4,111.479935164,5.46779550413e-05,0.699788491283,0.0001,latest_outcome,avg_tracking,identity
2,5,21.7703956924,0.102442855392,0.00298472393324,0.462431146066,full_history,q_learning,identity
2,5,21.9134479146,0.127467296174,0.0717593620413,0.584420343603,full_history,q_learning,tanh
2,5,22.0051440475,0.0548332049227,0.162536559616,0.3,stateless,avg_tracking,tanh
2,5,21.8254319033,0.0563148985655,0.00534254975231,0.1,stateless,avg_tracking,identity
2,5,21.8607460622,0.056022496137,0.0126518288245,0.3,latest_outcome,avg_tracking,pt_value_func
2,5,22.0051440475,0.0548332049227,0.162536559616,0.3,latest_outcome,avg_tracking,tanh
2,5,21.7971925195,0.113607012246,0.00633708804569,0.522422767088,latest_outcome,q_learning,pt_value_func
2,5,21.7971925195,0.113607012246,0.00633708804569,0.522422767088,full_history,q_learning,pt_value_func
2,5,21.7703956924,0.102442855392,0.00298472393324,0.462431146066,latest_outcome,q_learning,identity
2,5,21.8607460622,0.056022496137,0.0126518288245,0.3,full_history,avg_tracking,pt_value_func
2,5,21.8254319033,0.0563148985655,0.00534254975231,0.1,full_history,avg_tracking,identity
2,5,22.0051440475,0.0548332049227,0.162536559616,0.3,full_history,avg_tracking,tanh
2,5,21.9134479146,0.127467296174,0.0717593620413,0.584420343603,latest_outcome,q_learning,tanh
2,5,21.8607460622,0.056022496137,0.0126518288245,0.3,stateless,avg_tracking,pt_value_func
2,5,21.8254319033,0.0563148985655,0.00534254975231,0.1,latest_outcome,avg_tracking,identity
2,6,46.0497195306,0.375884816468,0.000477141149857,1.0,full_history,q_learning,identity
2,6,46.1309294752,0.403759599872,0.0134670301026,1.0,full_history,q_learning,tanh
2,6,49.2768980213,0.00404399883956,1.0,0.7,stateless,avg_tracking,tanh
2,6,48.3362400769,0.00017849089469,0.699932559428,0.3,stateless,avg_tracking,identity
2,6,48.4397875768,0.00029450620667,1.0,0.7,latest_outcome,avg_tracking,pt_value_func
2,6,49.2768980213,0.00404399883956,1.0,0.7,latest_outcome,avg_tracking,tanh
2,6,46.066982185,0.375714323638,0.00112725594853,1.0,latest_outcome,q_learning,pt_value_func
2,6,46.066982185,0.375714323638,0.00112725594853,1.0,full_history,q_learning,pt_value_func
2,6,46.0497195306,0.375884816468,0.000477141149857,1.0,latest_outcome,q_learning,identity
2,6,48.4397875768,0.00029450620667,1.0,0.7,full_history,avg_tracking,pt_value_func
2,6,48.3362400769,0.00017849089469,0.699932559428,0.3,full_history,avg_tracking,identity
2,6,49.2768980213,0.00404399883956,1.0,0.7,full_history,avg_tracking,tanh
2,6,46.1309294752,0.403759599872,0.0134670301026,1.0,latest_outcome,q_learning,tanh
2,6,48.4397875768,0.00029450620667,1.0,0.7,stateless,avg_tracking,pt_value_func
2,6,48.3362400769,0.00017849089469,0.699932559428,0.3,latest_outcome,avg_tracking,identity
2,7,82.1013302869,0.0203676808038,0.00362716729229,1e-05,full_history,q_learning,identity
2,7,82.2297945444,0.0200753733016,0.112479444437,1e-05,full_history,q_learning,tanh
2,7,82.2297905736,0.0200752487632,0.112480493186,0.3,stateless,avg_tracking,tanh
2,7,82.1013258599,0.0203609131865,0.00362736939766,0.03,stateless,avg_tracking,identity
2,7,82.126297084,0.0203048712328,0.00862230053036,0.01,latest_outcome,avg_tracking,pt_value_func
2,7,82.2297905736,0.0200752487632,0.112480493186,0.3,latest_outcome,avg_tracking,tanh
2,7,82.1263013376,0.0203056304767,0.00862154309845,1e-05,latest_outcome,q_learning,pt_value_func
2,7,82.1263013376,0.0203056304767,0.00862154309845,1e-05,full_history,q_learning,pt_value_func
2,7,82.1013302869,0.0203676808038,0.00362716729229,1e-05,latest_outcome,q_learning,identity
2,7,82.126297084,0.0203048712328,0.00862230053036,0.01,full_history,avg_tracking,pt_value_func
2,7,82.1013258599,0.0203609131865,0.00362736939766,0.03,full_history,avg_tracking,identity
2,7,82.2297905736,0.0200752487632,0.112480493186,0.3,full_history,avg_tracking,tanh
2,7,82.2297945444,0.0200753733016,0.112479444437,1e-05,latest_outcome,q_learning,tanh
2,7,82.126297084,0.0203048712328,0.00862230053036,0.01,stateless,avg_tracking,pt_value_func
2,7,82.1013258599,0.0203609131865,0.00362736939766,0.03,latest_outcome,avg_tracking,identity
2,8,36.8629059193,0.032387948597,0.00402010072623,1e-05,full_history,q_learning,identity
2,8,36.9017093385,0.0323554765646,0.122628472441,1e-05,full_history,q_learning,tanh
2,8,36.9017078443,0.03235524701,0.122629419697,0.7,stateless,avg_tracking,tanh
2,8,36.8629040409,0.0323911709289,0.00401964822011,0.1,stateless,avg_tracking,identity
2,8,36.8705484304,0.0323850550792,0.00952388943162,0.7,latest_outcome,avg_tracking,pt_value_func
2,8,36.9017078443,0.03235524701,0.122629419697,0.7,latest_outcome,avg_tracking,tanh
2,8,36.8705498993,0.032384181893,0.00952361242312,1e-05,latest_outcome,q_learning,pt_value_func
2,8,36.8705498993,0.032384181893,0.00952361242312,1e-05,full_history,q_learning,pt_value_func
2,8,36.8629059193,0.032387948597,0.00402010072623,1e-05,latest_outcome,q_learning,identity
2,8,36.8705484304,0.0323850550792,0.00952388943162,0.7,full_history,avg_tracking,pt_value_func
2,8,36.8629040409,0.0323911709289,0.00401964822011,0.1,full_history,avg_tracking,identity
2,8,36.9017078443,0.03235524701,0.122629419697,0.7,full_history,avg_tracking,tanh
2,8,36.9017093385,0.0323554765646,0.122628472441,1e-05,latest_outcome,q_learning,tanh
2,8,36.8705484304,0.0323850550792,0.00952388943162,0.7,stateless,avg_tracking,pt_value_func
2,8,36.8629040409,0.0323911709289,0.00401964822011,0.1,latest_outcome,avg_tracking,identity
2,9,39.6347262216,0.0184032720284,0.00573619903053,1e-05,full_history,q_learning,identity
2,9,39.6882318239,0.0186489679981,0.175574953242,1e-05,full_history,q_learning,tanh
2,9,39.6882295677,0.0186488697,0.175576024325,0.1,stateless,avg_tracking,tanh
2,9,39.6347240217,0.0184026159758,0.00573616612171,0.03,stateless,avg_tracking,identity
2,9,39.6450632423,0.0184521856201,0.013598999946,0.7,latest_outcome,avg_tracking,pt_value_func
2,9,39.6882295677,0.0186488697,0.175576024325,0.1,latest_outcome,avg_tracking,tanh
2,9,39.6450654477,0.0184512958689,0.0135992512723,1e-05,latest_outcome,q_learning,pt_value_func
2,9,39.6450654477,0.0184512958689,0.0135992512723,1e-05,full_history,q_learning,pt_value_func
2,9,39.6347262216,0.0184032720284,0.00573619903053,1e-05,latest_outcome,q_learning,identity
2,9,39.6450632423,0.0184521856201,0.013598999946,0.7,full_history,avg_tracking,pt_value_func
2,9,39.6347240217,0.0184026159758,0.00573616612171,0.03,full_history,avg_tracking,identity
2,9,39.6882295677,0.0186488697,0.175576024325,0.1,full_history,avg_tracking,tanh
2,9,39.6882318239,0.0186489679981,0.175574953242,1e-05,latest_outcome,q_learning,tanh
2,9,39.6450632423,0.0184521856201,0.013598999946,0.7,stateless,avg_tracking,pt_value_func
2,9,39.6347240217,0.0184026159758,0.00573616612171,0.03,latest_outcome,avg_tracking,identity
2,10,88.9420655318,0.0295929616649,0.00419795507165,1e-05,full_history,q_learning,identity
2,10,89.216960951,0.0293648288402,0.132888364636,1e-05,full_history,q_learning,tanh
2,10,89.2169562438,0.029364723355,0.132890018037,0.01,stateless,avg_tracking,tanh
2,10,88.9420597286,0.0296076789324,0.00419881640005,0.3,stateless,avg_tracking,identity
2,10,88.9927962868,0.0295691834118,0.0100222577953,0.03,latest_outcome,avg_tracking,pt_value_func
2,10,89.2169562438,0.029364723355,0.132890018037,0.01,latest_outcome,avg_tracking,tanh
2,10,88.9928006611,0.0295693768169,0.0100223686297,1e-05,latest_outcome,q_learning,pt_value_func
2,10,88.9928006611,0.0295693768169,0.0100223686297,1e-05,full_history,q_learning,pt_value_func
2,10,88.9420655318,0.0295929616649,0.00419795507165,1e-05,latest_outcome,q_learning,identity
2,10,88.9927962868,0.0295691834118,0.0100222577953,0.03,full_history,avg_tracking,pt_value_func
2,10,88.9420597286,0.0296076789324,0.00419881640005,0.3,full_history,avg_tracking,identity
2,10,89.2169562438,0.029364723355,0.132890018037,0.01,full_history,avg_tracking,tanh
2,10,89.216960951,0.0293648288402,0.132888364636,1e-05,latest_outcome,q_learning,tanh
2,10,88.9927962868,0.0295691834118,0.0100222577953,0.03,stateless,avg_tracking,pt_value_func
2,10,88.9420597286,0.0296076789324,0.00419881640005,0.3,latest_outcome,avg_tracking,identity
2,11,59.6395712686,0.0609471903013,0.0030079187836,0.522077002786,full_history,q_learning,identity
2,11,60.0488242186,0.0745756457241,0.0751532032872,0.627054350238,full_history,q_learning,tanh
2,11,60.3969214236,0.0290190334743,0.178049734713,0.1,stateless,avg_tracking,tanh
2,11,59.7953884549,0.0303360826728,0.00578289221948,0.1,stateless,avg_tracking,identity
2,11,59.9083672892,0.0300927274276,0.0137325227434,0.0001,latest_outcome,avg_tracking,pt_value_func
2,11,60.3969214236,0.0290190334743,0.178049734713,0.1,latest_outcome,avg_tracking,tanh
2,11,59.7203153369,0.0641215126966,0.00678240224508,0.54991905591,latest_outcome,q_learning,pt_value_func
2,11,59.7203153369,0.0641215126966,0.00678240224508,0.54991905591,full_history,q_learning,pt_value_func
2,11,59.6395712686,0.0609471903013,0.0030079187836,0.522077002786,latest_outcome,q_learning,identity
2,11,59.9083672892,0.0300927274276,0.0137325227434,0.0001,full_history,avg_tracking,pt_value_func
2,11,59.7953884549,0.0303360826728,0.00578289221948,0.1,full_history,avg_tracking,identity
2,11,60.3969214236,0.0290190334743,0.178049734713,0.1,full_history,avg_tracking,tanh
2,11,60.0488242186,0.0745756457241,0.0751532032872,0.627054350238,latest_outcome,q_learning,tanh
2,11,59.9083672892,0.0300927274276,0.0137325227434,0.0001,stateless,avg_tracking,pt_value_func
2,11,59.7953884549,0.0303360826728,0.00578289221948,0.1,latest_outcome,avg_tracking,identity
2,12,63.2260880545,0.0472025524723,0.00347256754839,1e-05,full_history,q_learning,identity
2,12,63.4692176008,0.045152428958,0.105864790865,1e-05,full_history,q_learning,tanh
2,12,63.4692013042,0.0451521627081,0.105865754475,0.0001,stateless,avg_tracking,tanh
2,12,63.2260711097,0.0472034422108,0.00347264813841,0.3,stateless,avg_tracking,identity
2,12,63.2742697647,0.0467795388671,0.00822695473248,0.0001,latest_outcome,avg_tracking,pt_value_func
2,12,63.4692013042,0.0451521627081,0.105865754475,0.0001,latest_outcome,avg_tracking,tanh
2,12,63.2742865746,0.0467772184072,0.00822661971868,1e-05,latest_outcome,q_learning,pt_value_func
2,12,63.2742865746,0.0467772184072,0.00822661971868,1e-05,full_history,q_learning,pt_value_func
2,12,63.2260880545,0.0472025524723,0.00347256754839,1e-05,latest_outcome,q_learning,identity
2,12,63.2742697647,0.0467795388671,0.00822695473248,0.0001,full_history,avg_tracking,pt_value_func
2,12,63.2260711097,0.0472034422108,0.00347264813841,0.3,full_history,avg_tracking,identity
2,12,63.4692013042,0.0451521627081,0.105865754475,0.0001,full_history,avg_tracking,tanh
2,12,63.4692176008,0.045152428958,0.105864790865,1e-05,latest_outcome,q_learning,tanh
2,12,63.2742697647,0.0467795388671,0.00822695473248,0.0001,stateless,avg_tracking,pt_value_func
2,12,63.2260711097,0.0472034422108,0.00347264813841,0.3,latest_outcome,avg_tracking,identity
